Subreddit,Average upvote ratio,Most controversial submission
Anarchists,0.9740999999999995,0.91
Socialists,0.9303999999999999,0.65
Greens,0.9634000000000001,0.88
Progressives,0.9784999999999994,0.93
Democrats,0.9388000000000001,0.81
Biden supporters,0.9129999999999999,0.68
Libertarians,0.8726000000000002,0.56
Conservatives,0.7340000000000001,0.57
Republicans,0.8172000000000004,0.61
Anarcho-Capitalists,0.9334999999999996,0.81
Trump supporters,0.8337000000000004,0.7
